6_64,	A	6	C-G	64	A	+/+	cis	XIX
7_63,	A	7	C-G	63	A	+/+	cis	XIX
8_62,	A	8	U-G	62	A	W/W	cis	XXVIII
11_61,	A	11	C-G	61	A	+/+	cis	XIX
12_60,	A	12	G-C	60	A	+/+	cis	XIX
13_59,	A	13	G-C	59	A	+/+	cis	XIX
14_58,	A	14	G-C	58	A	+/+	cis	XIX
15_57,	A	15	C-G	57	A	+/+	cis	XIX
19_54,	A	19	G-U	54	A	W/W	cis	XXVIII
20_53,	A	20	G-C	53	A	+/+	cis	XIX
21_52,	A	21	A-U	52	A	-/-	cis	XX
22_51,	A	22	G-U	51	A	W/W	cis	XXVIII
23_50,	A	23	C-G	50	A	+/+	cis	XIX
24_49,	A	24	C-G	49	A	+/+	cis	XIX
25_48,	A	25	G-C	48	A	+/+	cis	XIX
26_47,	A	26	U-A	47	A	-/-	cis	XX
27_46,	A	27	A-U	46	A	-/-	cis	XX
28_45,	A	28	U-G	45	A	W/W	cis	XXVIII
29_42,	A	29	G-C	42	A	+/+	cis	XIX
30_41,	A	30	C-G	41	A	+/+	cis	XIX
31_40,	A	31	G-C	40	A	+/+	cis	XIX
32_39,	A	32	A-U	39	A	-/-	cis	XX
33_38,	A	33	U-G	38	A	W/W	cis	XXVIII
