2_161,	A	2	G-U	171	A	W/W	cis	XXVIII
3_160,	A	3	C-G	170	A	+/+	cis	XIX
4_159,	A	4	G-C	169	A	+/+	cis	XIX
5_158,	A	5	G-C	168	A	+/+	cis	XIX
7_156,	A	7	A-U	166	A	-/-	cis	XX
8_155,	A	8	G-C	165	A	+/+	cis	XIX
9_154,	A	9	G-C	164	A	+/+	cis	XIX
10_153,	A	10	U-G	163	A	W/W	cis	XXVIII
12_27,	A	12	C-G	33	A	+/+	cis	XIX
13_26,	A	13	U-A	32	A	-/-	cis	XX
14_25,	A	14	C-G	31	A	+/+	cis	XIX
17_22,	A	17	G-C	28	A	+/+	cis	XIX
18_21,	A	18	A-U	27	A	-/-	cis	XX
33_152,	A	39	A-U	162	A	-/-	cis	XX
34_151,	A	40	G-C	161	A	+/+	cis	XIX
39_55,	A	45	G-C	61	A	+/+	cis	XIX
40_54,	A	46	C-G	60	A	+/+	cis	XIX
41_53,	A	47	C-G	59	A	+/+	cis	XIX
42_52,	A	48	G-C	58	A	+/+	cis	XIX
43_51,	A	49	G-C	57	A	+/+	cis	XIX
56_142,	A	62	A-U	152	A	-/-	cis	XX
57_141,	A	63	C-G	151	A	+/+	cis	XIX
58_66,	A	64	G-C	72	A	+/+	cis	XIX
59_65,	A	65	G-C	71	A	+/+	cis	XIX
68_145,	A	74	C-G	155	A	+/+	cis	XIX
69_144,	A	75	U-A	154	A	-/-	cis	XX
70_143,	A	76	G-C	153	A	+/+	cis	XIX
74_138,	A	80	C-G	148	A	+/+	cis	XIX
75_137,	A	81	G-C	147	A	+/+	cis	XIX
76_136,	A	82	G-C	146	A	+/+	cis	XIX
80_129,	A	86	G-C	139	A	+/+	cis	XIX
81_128,	A	87	U-G	138	A	W/W	cis	XXVIII
82_127,	A	88	C-G	137	A	+/+	cis	XIX
83_126,	A	89	G-C	136	A	+/+	cis	XIX
86_123,	A	92	C-G	133	A	+/+	cis	XIX
88_121,	A	94	U-A	131	A	-/-	cis	XX
89_120,	A	95	C-G	130	A	+/+	cis	XIX
97_118,	A	103	G-C	128	A	+/+	cis	XIX
98_117,	A	104	C-G	127	A	+/+	cis	XIX
99_116,	A	105	C-G	126	A	+/+	cis	XIX
101_112,	A	107	C-G	122	A	+/+	cis	XIX
102_111,	A	108	U-G	121	A	W/W	cis	XXVIII
103_110,	A	109	G-C	120	A	+/+	cis	XIX
104_109,	A	110	G-C	119	A	+/+	cis	XIX
105_108,	A	111	C-G	118	A	+/+	cis	XIX
106_107,	A	112	C-G	117	A	+/+	cis	XIX
