3_106,	A	4	U-G	107	A	W/W	cis	XXVIII
5_265,	A	6	C-G	266	A	+/+	cis	XIX
6_264,	A	7	C-G	265	A	+/+	cis	XIX
7_263,	A	8	C-G	264	A	+/+	cis	XIX
8_262,	A	9	G-C	263	A	+/+	cis	XIX
9_261,	A	10	G-C	262	A	+/+	cis	XIX
10_107,	A	11	C-G	108	A	+/+	cis	XIX
13_256,	A	14	G-C	257	A	+/+	cis	XIX
14_255,	A	15	G-U	256	A	W/W	cis	XXVIII
15_254,	A	16	G-U	255	A	W/W	cis	XXVIII
16_253,	A	17	U-A	254	A	-/-	cis	XX
17_252,	A	18	G-C	253	A	+/+	cis	XIX
18_251,	A	19	C-G	252	A	+/+	cis	XIX
20_249,	A	21	G-C	250	A	+/+	cis	XIX
21_248,	A	22	U-A	249	A	-/-	cis	XX
22_247,	A	23	C-G	248	A	+/+	cis	XIX
23_246,	A	24	U-A	247	A	-/-	cis	XX
27_39,	A	28	G-C	40	A	+/+	cis	XIX
28_38,	A	29	G-C	39	A	+/+	cis	XIX
29_37,	A	30	G-C	38	A	+/+	cis	XIX
42_64,	A	43	A-U	65	A	-/-	cis	XX
43_63,	A	44	C-G	64	A	+/+	cis	XIX
44_62,	A	45	U-A	63	A	-/-	cis	XX
45_61,	A	46	G-C	62	A	+/+	cis	XIX
46_60,	A	47	U-A	61	A	-/-	cis	XX
50_204,	A	51	G-C	205	A	+/+	cis	XIX
51_203,	A	52	G-C	204	A	+/+	cis	XIX
52_202,	A	53	C-G	203	A	+/+	cis	XIX
53_201,	A	54	A-U	202	A	-/-	cis	XX
54_200,	A	55	G-C	201	A	+/+	cis	XIX
55_199,	A	56	A-U	200	A	-/-	cis	XX
56_198,	A	57	A-U	199	A	-/-	cis	XX
67_118,	A	68	G-C	119	A	+/+	cis	XIX
68_117,	A	69	C-G	118	A	+/+	cis	XIX
69_116,	A	70	C-G	117	A	+/+	cis	XIX
73_112,	A	74	C-G	113	A	+/+	cis	XIX
74_111,	A	75	G-C	112	A	+/+	cis	XIX
75_110,	A	76	C-G	111	A	+/+	cis	XIX
78_102,	A	79	G-U	103	A	W/W	cis	XXVIII
79_101,	A	80	G-C	102	A	+/+	cis	XIX
80_100,	A	81	G-U	101	A	W/W	cis	XXVIII
81_99,	A	82	U-A	100	A	-/-	cis	XX
83_98,	A	84	U-A	99	A	-/-	cis	XX
84_97,	A	85	C-G	98	A	+/+	cis	XIX
85_96,	A	86	C-G	97	A	+/+	cis	XIX
86_95,	A	87	G-U	96	A	W/W	cis	XXVIII
87_94,	A	88	U-A	95	A	-/-	cis	XX
88_93,	A	89	G-C	94	A	+/+	cis	XIX
122_242,	A	123	C-G	243	A	+/+	cis	XIX
123_241,	A	124	C-G	242	A	+/+	cis	XIX
124_240,	A	125	U-A	241	A	-/-	cis	XX
125_239,	A	126	U-A	240	A	-/-	cis	XX
126_238,	A	127	C-G	239	A	+/+	cis	XIX
127_237,	A	128	G-U	238	A	W/W	cis	XXVIII
128_233,	A	129	G-U	234	A	W/W	cis	XXVIII
129_232,	A	130	U-A	233	A	-/-	cis	XX
130_231,	A	131	C-G	232	A	+/+	cis	XIX
131_230,	A	132	U-A	231	A	-/-	cis	XX
132_229,	A	133	G-C	230	A	+/+	cis	XIX
134_140,	A	135	G-C	141	A	+/+	cis	XIX
144_228,	A	145	C-G	229	A	+/+	cis	XIX
145_227,	A	146	U-A	228	A	-/-	cis	XX
146_226,	A	147	U-A	227	A	-/-	cis	XX
148_224,	A	149	A-U	225	A	-/-	cis	XX
154_179,	A	155	G-C	180	A	+/+	cis	XIX
155_220,	A	156	G-U	221	A	W/W	cis	XXVIII
156_219,	A	157	C-G	220	A	+/+	cis	XIX
157_218,	A	158	U-A	219	A	-/-	cis	XX
160_215,	A	161	G-C	216	A	+/+	cis	XIX
161_214,	A	162	U-A	215	A	-/-	cis	XX
162_213,	A	163	A-U	214	A	-/-	cis	XX
163_212,	A	164	U-G	213	A	W/W	cis	XXVIII
164_211,	A	165	C-G	212	A	+/+	cis	XIX
165_210,	A	166	A-U	211	A	-/-	cis	XX
166_209,	A	167	A-U	210	A	-/-	cis	XX
167_208,	A	168	U-G	209	A	W/W	cis	XXVIII
168_196,	A	169	G-C	197	A	+/+	cis	XIX
169_195,	A	170	G-C	196	A	+/+	cis	XIX
170_194,	A	171	A-U	195	A	-/-	cis	XX
171_193,	A	172	U-G	194	A	W/W	cis	XXVIII
174_189,	A	175	G-C	190	A	+/+	cis	XIX
175_188,	A	176	U-A	189	A	-/-	cis	XX
177_186,	A	178	U-A	187	A	-/-	cis	XX
266_285,	A	267	G-C	286	A	+/+	cis	XIX
270_281,	A	271	U-A	282	A	-/-	cis	XX
271_280,	A	272	C-G	281	A	+/+	cis	XIX
272_279,	A	273	U-A	280	A	-/-	cis	XX
273_278,	A	274	G-C	279	A	+/+	cis	XIX
293_322,	A	294	G-C	323	A	+/+	cis	XIX
294_321,	A	295	U-A	322	A	-/-	cis	XX
302_315,	A	303	C-G	316	A	+/+	cis	XIX
303_314,	A	304	C-G	315	A	+/+	cis	XIX
306_311,	A	307	G-C	312	A	+/+	cis	XIX
327_353,	A	328	C-G	354	A	+/+	cis	XIX
329_351,	A	330	A-U	352	A	-/-	cis	XX
330_350,	A	331	G-C	351	A	+/+	cis	XIX
331_349,	A	332	U-G	350	A	W/W	cis	XXVIII
334_345,	A	335	G-C	346	A	+/+	cis	XIX
335_344,	A	336	G-C	345	A	+/+	cis	XIX
336_343,	A	337	C-G	344	A	+/+	cis	XIX
337_342,	A	338	G-C	343	A	+/+	cis	XIX
355_386,	A	356	A-U	387	A	-/-	cis	XX
356_385,	A	357	C-G	386	A	+/+	cis	XIX
357_384,	A	358	U-A	385	A	-/-	cis	XX
358_383,	A	359	G-U	384	A	W/W	cis	XXVIII
359_382,	A	360	C-G	383	A	+/+	cis	XIX
360_381,	A	361	C-G	382	A	+/+	cis	XIX
361_380,	A	362	G-C	381	A	+/+	cis	XIX
362_379,	A	363	U-A	380	A	-/-	cis	XX
363_378,	A	364	A-U	379	A	-/-	cis	XX
364_377,	A	365	U-G	378	A	W/W	cis	XXVIII
365_374,	A	366	A-U	375	A	-/-	cis	XX
366_373,	A	367	C-G	374	A	+/+	cis	XIX
367_372,	A	368	C-G	373	A	+/+	cis	XIX
